{
  "project_info": {
    "project_number": "407375950982",
    "firebase_url": "https://seglab5-afb3d-default-rtdb.firebaseio.com",
    "project_id": "seglab5-afb3d",
    "storage_bucket": "seglab5-afb3d.appspot.com"
  },
  "client": [
    {
      "client_info": {
        "mobilesdk_app_id": "1:407375950982:android:31c5167cc9ff167106cd07",
        "android_client_info": {
          "package_name": "com.abdu.firebaseapp"
        }
      },
      "oauth_client": [],
      "api_key": [
        {
          "current_key": "AIzaSyBERWQo2bmCCPfHunwh6b0Q4qmu7JLDe10"
        }
      ],
      "services": {
        "appinvite_service": {
          "other_platform_oauth_client": []
        }
      }
    },
    {
      "client_info": {
        "mobilesdk_app_id": "1:407375950982:android:1c3c3618cdc4070706cd07",
        "android_client_info": {
          "package_name": "com.abdu.seglab5"
        }
      },
      "oauth_client": [],
      "api_key": [
        {
          "current_key": "AIzaSyBERWQo2bmCCPfHunwh6b0Q4qmu7JLDe10"
        }
      ],
      "services": {
        "appinvite_service": {
          "other_platform_oauth_client": []
        }
      }
    }
  ],
  "configuration_version": "1"
}